List of Countries in Both,Geoscheme,cregion,WHO Region,Iso,Date of first vaccination reported in country,Dates in date form,sixmoup,Date of 6 Month Data (dd-mm-yy),number of days from expected 6 month date,ninemoup,Date of 9 Month Data (dd-mm-yy),number of days from expected 9 month date,twelvemoup,Date of 12 Month Data (dd-mm-yy),Date12,number of days from expected 12 month date,fiftmoup,Date of 15 Month Data (dd-mm-yy),number of days from expected 15 month date,libdem,vscore,vscoren,Donated Vaccines of Chinese Origin,Population,All Donated Vaccines,Donated Chinese Vaccines Per Capita,dvaxpc,percChinese,ruralperc,Correlates of War Country Code,gdp,loggdp,gdppc,loggdppc,totalaid,logaid,vaxprio12,vaxavail12,vaxfin12,vaxman12,vaxprio9,vaxavail9,vaxfin9,vaxman9,vaxprio6,vaxavail6,vaxfin6,vaxman6
Afghanistan,Southern Asia,Asia,EMRO,AFG,44255,28-02-21,1.88,44439,4,8.58,44514,-11,11.67,44612,20-02-22,-3,13.15,44704,-1,0.188,-14.0107,0.57377021,"4,100,000",37769499,"19,610,450",0.1086,0.5192,0.209072,74.246,700,18799444415,10.27,497.74,2.697003791,4209,3.624178926,2,2,5,0,2,2,5,0,2,2,5,0
Albania,Southern Europe,Europe,EUR,ALB,44209,13-01-21,20.77,44389,0,33.86,44478,-1,41.35,44569,08-01-22,0,45.18,44658,-1,0.41,11.41791,0.990632464,0,2854191,"899,375",0,0.3151,0,38.771,339,15401826127,10.19,5396.21,3.732089184,310,2.491361694,2,3,5,1,2,2,5,1,1,1,5,NA
Algeria,Northern Africa,Africa,EMRO,DZA,44246,19-02-21,7.62,44428,2,14.36,44513,-3,16.61,44612,20-02-22,6,17.46,44682,-14,0.149,3.132191,0.854801071,"200,000",42705368,"7,145,200",0.0047,0.1673,0.027991,26.811,615,1.7176E+11,11.23,4021.98,3.604440259,210,2.322219295,2,2,5,0,2,2,5,NA,1,1,5,NA
Angola,Middle Africa,Africa,AFRO,AGO,44263,08-03-21,3.28,44440,-3,18.93,44536,3,30.29,44622,02-03-22,-1,35.69,44717,4,0.181,-29.725,0.316158861,"200,000",32353588,"23,615,230",0.0062,0.7299,0.008469,33.823,540,70897962713,10.85,2191.35,3.340711305,111,2.045322979,2,3,5,1,2,3,5,1,2,2,5,0
Argentina,South America,Americas,AMR,ARG,44194,29-12-20,36.38,44374,0,65.68,44464,0,84.63,44554,24-12-21,0,90.1,44644,0,0.607,-2.43924,0.763466182,0,44938712,"6,252,400",0,0.1391,0,8.009,160,4.47755E+11,11.65,9963.67,3.998419517,102,2.008600172,2,3,5,0,2,3,5,NA,2,2,5,NA
Azerbaijan,Western Asia,Asia,EUR,AZE,44233,06-02-21,29.48,44413,0,48.25,44508,5,50.53,44593,01-02-22,0,51.56,44683,0,0.064,8.275048,0.939110161,"150,000",10024283,"150,000",0.015,0.015,1,43.969,373,48174235294,10.68,4805.75,3.681761511,123,2.089905111,2,3,5,1,2,3,5,1,2,2,5,NA
Bangladesh,Southern Asia,Asia,SEARO,BGD,44234,07-02-21,5.98,44415,1,25.18,44504,0,55.75,44587,26-01-22,-7,75.25,44691,7,0.097,10.27505,0.971897063,"7,600,000",165516222,"208,000,000",0.0459,1.2567,0.036521,62.595,771,3.51238E+11,11.55,2122.08,3.326761424,5375,3.730378469,2,3,5,1,2,3,5,0,2,2,5,0
Belarus,Eastern Europe,Europe,AFRO,BLR,44245,18-02-21,15.69,44423,-2,34.19,44514,-1,57.27,44605,13-02-22,0,66.31,44696,1,0.114,9.70362,0.962529363,"19,703,000",9419758,"19,963,000",2.0917,2.1193,0.986976,20.956,370,64410122847,10.81,6837.77,3.834914382,326,2.5132176,2,3,5,0,2,2,5,NA,2,2,5,NA
Benin,Western Africa,Africa,AFRO,BEN,44328,12-05-21,2.28,44508,0,17,44596,-2,23.65,44689,08-05-22,1,23.89,44780,2,0.348,-9.29638,0.651054106,"600,000",12290444,"5,660,790",0.0488,0.4606,0.105992,52.139,434,14390708757,10.16,1170.89,3.068514612,1050,3.021189299,2,3,5,1,2,3,5,1,2,2,5,1
Bhutan,Southern Asia,Asia,SEARO,BTN,44282,27-03-21,74.71,44465,3,75.37,44550,-2,87.87,44640,20-03-22,-2,88.56,44724,-8,0.513,9.417905,0.957845513,"50,000",767459,"2,655,790",0.0652,3.4605,0.018827,58.388,760,2735683409,9.44,3564.6,3.552010653,203,2.307496038,2,3,5,0,2,3,5,0,2,3,5,0
Bolivia,South America,Americas,AMR,BOL,44229,02-02-21,25.56,44409,0,37.3,44499,0,54.76,44589,28-01-22,0,58.6,44679,0,0.257,-9.01067,0.655737874,"3,800,000",11777315,"14,217,410",0.3227,1.2072,0.267278,30.227,145,40895322851,10.61,3472.38,3.54062735,339,2.530199698,2,3,5,0,2,2,5,0,2,2,5,0
Botswana,Southern Africa,Africa,AFRO,BWA,44288,02-04-21,15.01,44469,1,44.45,44561,3,55.31,44641,21-03-22,-7,56.5,44703,-35,0.561,9.132191,0.953161679,"2,200,000",2499702,"4,968,640",0.8801,1.9877,0.442777,29.828,571,16725908667,10.22,6691.16,3.825501483,79,1.897627091,2,3,5,0,2,2,3,0,1,1,3,NA
Brazil,South America,Americas,AMR,BRA,44215,19-01-21,43.02,44395,0,72.6,44485,0,77.5,44575,14-01-22,0,84.48,44665,0,0.525,-7.72495,0.676815241,0,211782878,"20,669,720",0,0.0976,0,13.176,140,1.87329E+12,12.27,8845.32,3.946713753,613,2.787460475,2,3,5,0,2,3,5,0,2,2,5,0
Burkina Faso,Western Africa,Africa,AFRO,BFA,44357,10-06-21,1.95,44545,8,9.34,44626,-1,10.8,44717,05-06-22,0,13.56,44801,-6,0.463,5.132191,0.887587941,"400,000",20951639,"8,387,480",0.0191,0.4003,0.04769,70.02,439,16032813502,10.21,765.23,2.883791738,1731,3.238297068,2,1,5,0,2,1,5,0,1,1,5,0
Burundi,Eastern Africa,Africa,AFRO,BDI,44509,09-11-21,0.1,44689,0,0.14,44780,1,0.19,44871,06-11-22,2,0.25,44962,3,0.05,6.275048,0.906323292,"500,000",11874838,"500,000",0.0421,0.0421,1,86.634,516,2576518880,9.41,216.97,2.336405636,481,2.682145076,2,2,5,0,2,2,5,0,2,2,5,0
Cabo Verde,Western Africa,Africa,AFRO,CPV,44279,24-03-21,47.58,44461,2,51.05,44547,-2,59.7,44638,18-03-22,-1,59.91,44731,2,0.71,9.846477,0.96487128,"50,000",577030,"1,821,930",0.0867,3.1574,0.027443,33.805,402,2252177124,9.35,3903.05,3.59140415,158,2.198657087,2,2,5,1,2,2,5,1,2,2,5,1
Cambodia,South-eastern Asia,Asia,WPRO,KHM,44239,12-02-21,50.81,44419,0,83.49,44509,0,85.67,44599,07-02-22,0,89.05,44695,6,0.065,2.70362,0.847775321,"34,803,000",16207746,"48,803,870",2.1473,3.0111,0.71312,76.195,811,27089390033,10.43,1671.39,3.223076604,1374,3.137986733,2,3,5,1,2,3,5,1,2,3,5,1
Cameroon,Middle Africa,Africa,AFRO,CMR,44315,29-04-21,1.49,44496,1,3,44575,-10,5.56,44677,26-04-22,2,5.62,44766,1,0.117,-18.0107,0.508196471,"1,400,000",25782341,"3,270,150",0.0543,0.1268,0.428115,43.032,471,39670976453,10.6,1538.69,3.187150542,1401,3.146438135,2,2,5,0,2,2,5,0,2,2,5,NA
Central African Republic,Middle Africa,Africa,AFRO,CAF,44328,12-05-21,6.49,44507,-1,11.11,44598,0,18.34,44682,01-05-22,-6,23.35,44787,9,0.222,-40.4392,0.140516324,"150,000",5209324,"3,793,020",0.0288,0.7281,0.039546,58.23,482,2221301351,9.35,426.41,2.629826111,833,2.920645001,1,1,5,0,1,1,5,0,1,1,5,0
Chad,Middle Africa,Africa,AFRO,TCD,44357,10-06-21,1.12,44535,-2,1.56,44624,-3,12.51,44717,05-06-22,0,21.1,44801,-6,0.091,-36.1535,0.210773667,"200,000",16126866,"12,575,290",0.0124,0.7798,0.015904,76.721,483,11314951092,10.05,701.62,2.846102704,1038,3.016197354,2,2,5,0,2,2,5,0,2,2,5,0
Colombia,South America,Americas,AMR,COL,44268,13-03-21,46.77,44448,0,72.94,44548,10,80.04,44629,09-03-22,1,81.53,44715,-3,0.502,6.275048,0.906323292,"2,500,000",50187406,"34,687,400",0.0498,0.6912,0.072072,18.896,100,3.23032E+11,11.51,6436.51,3.808650395,1869,3.271609301,2,3,5,0,2,3,5,NA,2,2,5,NA
Congo,Middle Africa,Africa,AFRO,COG,44300,14-04-21,4.67,44483,3,10.43,44558,-12,11.42,44643,23-03-22,-17,11.65,44759,9,0.094,-8.58209,0.662763772,0,5570733,"1,297,110",0,0.2328,0,32.627,484,13976661498,10.15,2508.94,3.399491103,216,2.334453751,2,2,5,0,1,1,5,1,1,1,5,NA
Costa Rica,Central America,Americas,AMR,CRI,44199,03-01-21,32.91,44382,3,65.77,44466,-3,76.14,44557,27-12-21,-2,83.7,44648,-1,0.849,8.846477,0.948477845,0,5084532,"4,733,380",0,0.9309,0,19.924,94,64417670521,10.81,12669.34,4.102754031,208,2.318063335,2,3,5,1,2,2,5,1,1,2,4,1
Cote d'Ivoire,Western Africa,Africa,AFRO,CIV,44261,06-03-21,4.24,44449,8,11.08,44535,4,24.41,44625,05-03-22,4,28.5,44717,6,0.345,-3.58209,0.744730945,"100,000",26147551,"18,897,170",0.0038,0.7227,0.005292,48.761,437,59898479821,10.78,2290.79,3.359984782,1563,3.193958978,2,2,5,0,2,2,5,0,2,2,5,0
Czechia,Eastern Europe,Europe,EUR,CZE,44192,27-12-20,47.49,44372,0,57.92,44462,0,64.86,44552,22-12-21,0,66.22,44642,0,0.72,10.3273,0.97275362,0,10671870,"186,150",0,0.0174,0,26.079,316,2.52548E+11,11.4,23664.85,4.374103717,0,0,2,3,5,0,2,3,5,NA,2,2,5,NA
Democratic Republic of the Congo,Middle Africa,Africa,AFRO,COD,44328,12-05-21,0.12,44509,1,0.44,44601,3,1.91,44703,22-05-22,15,3.84,44780,2,0.144,-11.5821,0.613583305,"700,000",89906890,"28,481,470",0.0078,0.3168,0.024577,54.954,490,51775829877,10.71,575.88,2.760334094,3383,3.529301998,1,1,5,0,1,1,5,0,1,1,5,NA
Djibouti,Eastern Africa,Africa,AFRO,DJI,44303,17-04-21,3.45,44448,-35,11.02,44578,5,13.55,44660,09-04-22,-3,18.39,44749,-4,0.126,-0.15352,0.800936983,"1,300,000",1073994,"2,064,100",1.2104,1.9219,0.629814,22.085,522,3088853639,9.49,2876.04,3.458795475,259,2.413299764,2,2,5,0,2,2,5,0,2,2,5,NA
Dominican Republic,Caribbean,Americas,AMR,DOM,44244,17-02-21,50.52,44424,0,60.73,44514,0,62.54,44604,12-02-22,0,64.23,44694,0,0.295,4.560762,0.878220257,"1,150,000",10881882,"1,180,000",0.1057,0.1084,0.974576,18.172,42,88941372558,10.95,8173.34,3.912399815,374,2.572871602,2,3,5,0,2,3,5,NA,2,3,5,NA
Ecuador,South America,Americas,AMR,ECU,44217,21-01-21,42.74,44397,0,65.41,44487,0,80.55,44577,16-01-22,0,83.79,44667,0,0.46,-2.15352,0.768150114,"683,520",17343740,"8,523,950",0.0394,0.4915,0.080188,36.014,130,1.08108E+11,11.03,6233.26,3.794715115,344,2.536558443,2,3,5,1,2,3,5,0,1,1,5,NA
Egypt,Northern Africa,Africa,EMRO,EGY,44282,27-03-21,8.64,44462,0,29.82,44554,2,40.12,44640,20-03-22,-2,43.5,44739,7,0.12,8.417905,0.941452078,"12,600,000",105618671,"99,862,610",0.1193,0.9455,0.126173,57.27,651,3.18679E+11,11.5,3017.26,3.479612496,1562,3.19368103,2,3,5,1,2,3,5,1,2,2,5,1
El Salvador,Central America,Americas,AMR,SLV,44249,22-02-21,52.74,44428,-1,69.42,44521,2,71.87,44607,15-02-22,-2,72.64,44701,2,0.429,2.989334,0.852459155,"750,000",6280217,"4,692,770",0.1194,0.7472,0.15982,27.254,92,26881140000,10.43,4280.29,3.631473033,343,2.53529412,2,3,5,0,2,3,5,0,2,2,5,0
Eswatini,Southern Africa,Africa,AFRO,SWZ,44291,05-04-21,18.1,44468,-3,27.85,44564,3,32.14,44634,14-03-22,-17,34.16,44745,4,0.112,3.560762,0.861826822,0,1169613,"1,064,440",0,0.9101,0,76.019,572,4466214591,9.65,3818.54,3.581897399,105,2.021189299,2,3,5,0,2,2,5,NA,2,2,5,NA
Ethiopia,Eastern Africa,Africa,AFRO,ETH,44294,08-04-21,2.35,44474,0,7.58,44564,0,20.08,44661,10-04-22,7,23.81,44731,-13,0.168,-19.1535,0.489462054,"13,900,000",114120594,"72,301,580",0.1218,0.6336,0.19225,78.775,530,95912607722,10.98,840.45,2.924511675,5305,3.724685388,2,3,5,0,2,3,5,0,1,1,5,0
Fiji,Melanesia,Oceania,WPRO,FJI,44299,13-04-21,63.98,44481,2,71.37,44572,3,73.66,44662,11-04-22,3,76.01,44746,-3,0.274,9.846477,0.96487128,0,918465,"2,444,360",0,2.6614,0,43.25,950,5444407214,9.74,5927.72,3.77288799,194,2.28780173,2,3,5,1,2,3,5,1,2,3,5,1
Gabon,Middle Africa,Africa,AFRO,GAB,44286,31-03-21,4.28,44469,3,9.2,44543,-13,12.48,44644,24-03-22,-2,12.93,44738,2,0.207,-14.0107,0.57377021,"500,000",2242785,"1,558,030",0.2229,0.6947,0.320918,10.259,481,16874405465,10.23,7523.86,3.876440837,53,1.72427587,2,2,5,0,2,2,5,NA,2,2,5,NA
Gambia,Western Africa,Africa,AFRO,GMB,44283,28-03-21,6.79,44460,-3,9.72,44558,5,12.2,44608,16-02-22,-35,16.61,44731,-2,0.42,1.275048,0.824356119,0,2508883,"2,137,930",0,0.8521,0,38.069,420,1813609693,9.26,722.88,2.859063419,301,2.478566496,2,2,5,0,2,2,5,0,2,2,5,0
Georgia,Western Asia,Asia,EUR,GEO,44284,29-03-21,25.84,44464,0,35.53,44554,0,42.6,44644,24-03-22,0,43.54,44733,-1,0.498,9.417905,0.957845513,"200,000",3720161,"1,504,170",0.0538,0.4043,0.132964,40.961,372,17470436259,10.24,4696.15,3.671742014,1041,3.01745073,2,3,5,0,2,3,5,NA,2,2,5,NA
Ghana,Western Africa,Africa,AFRO,GHA,44263,08-03-21,2.59,44459,16,7.92,44524,-9,26.27,44617,25-02-22,-6,29.23,44710,-3,0.614,9.132191,0.953161679,0,31522290,"28,705,610",0,0.9106,0,43.293,452,68337974418,10.83,2167.93,3.336044342,2204,3.34321159,2,3,5,1,2,3,5,0,2,2,5,0
Guatemala,Central America,Americas,AMR,GTM,44254,27-02-21,17.87,44434,0,32.71,44524,0,40.09,44615,23-02-22,1,45.95,44701,-3,0.4,0.560762,0.812646518,0,16604026,"14,382,970",0,0.8662,0,48.561,90,77172317259,10.89,4647.81,3.667248136,473,2.674861141,2,3,5,0,2,3,5,0,1,1,5,0
Guinea,Western Africa,Africa,AFRO,GIN,44274,19-03-21,6.88,44453,-1,12.17,44542,-2,24.5,44633,13-03-22,-1,32.74,44731,7,0.143,-34.1535,0.243560536,"400,000",12877539,"7,811,590",0.0311,0.6066,0.051206,63.5,438,13442861496,10.13,1043.9,3.01865885,726,2.860936621,2,3,5,0,2,3,5,0,2,2,5,0
Guyana,South America,Americas,AMR,GUY,44242,15-02-21,34.94,44421,-1,48.24,44512,0,52.88,44603,11-02-22,1,58.8,44694,2,0.445,11.84648,0.997658198,0,798753,"835,690",0,1.0462,0,73.311,110,5173760192,9.71,6477.3,3.811393793,52,1.716003344,2,3,5,0,2,3,5,0,2,2,5,0
Haiti,Caribbean,Americas,AMR,HTI,44398,21-07-21,1.12,44582,4,1.51,44666,-2,2.14,44757,15-07-22,-1,3.16,44848,0,0.236,-24.0107,0.409835864,0,11160438,"1,564,700",0,0.1402,0,43.808,41,15016090930,10.18,1345.48,3.12887565,888,2.948412966,1,1,5,0,1,1,5,0,1,1,5,0
Honduras,Central America,Americas,AMR,HND,44255,28-02-21,26.54,44437,2,42.13,44529,4,49.75,44603,11-02-22,-12,57.82,44701,-4,0.234,1.275048,0.824356119,0,9958829,"9,035,680",0,0.9073,0,42.27,91,25089937022,10.4,2519.37,3.401291296,1183,3.072984745,2,3,5,0,2,3,5,0,2,2,5,0
Indonesia,South-eastern Asia,Asia,SEARO,IDN,44218,22-01-21,15.47,44398,0,39.57,44488,0,64.11,44578,17-01-22,0,71.94,44668,0,0.471,-1.43924,0.779859617,"4,480,000",269582878,"138,000,000",0.0166,0.5119,0.032542,44.015,850,1.1191E+12,12.05,4151.23,3.61817654,1210,3.08278537,2,3,5,1,2,3,5,1,2,3,5,1
Iran,Southern Asia,Asia,EMRO,IRN,44244,17-02-21,17.52,44424,0,62.76,44513,-1,69.43,44604,12-02-22,0,72.76,44695,1,0.146,11.98933,1,"3,550,000",86564202,"23,747,830",0.041,0.2743,0.149487,24.609,630,2.8365E+11,11.45,3276.75,3.515443741,235,2.371067862,2,3,5,0,2,3,5,NA,1,1,5,NA
Iraq,Western Asia,Asia,EMRO,IRQ,44284,29-03-21,10.51,44465,1,18.86,44552,-2,23.07,44643,23-03-22,-1,24.29,44732,-2,0.235,1.275048,0.824356119,"1,750,000",41563520,"2,428,780",0.0421,0.0584,0.720526355,29.322,645,2.33636E+11,11.37,5621.18,3.749827623,2360,3.372912003,2,3,5,1,2,3,5,1,2,2,5,1
Jamaica,Caribbean,Americas,AMR,JAM,44269,14-03-21,16.71,44449,0,24.43,44539,0,27.31,44629,09-03-22,0,28.5,44719,0,0.711,9.132191,0.953161679,"100,000",2813773,"3,046,940",0.0355,1.0829,0.03282,44.015,51,15830766571,10.2,5626.17,3.750212887,67,1.826074803,2,3,5,0,2,3,5,NA,2,2,5,NA
Jordan,Western Asia,Asia,EMRO,JOR,44219,23-01-21,24.2,44399,0,34.17,44490,1,40.2,44580,19-01-22,1,42.14,44669,0,0.241,1.560762,0.829039953,"550,000",10698683,"1,203,100",0.0514,0.1125,0.457152,8.797,663,44502816901,10.65,4159.65,3.619057182,3114,3.493318608,2,3,5,0,2,3,5,0,2,2,5,0
Kazakhstan,Central Asia,Asia,EUR,KAZ,44238,11-02-21,29.94,44418,0,43.35,44508,0,47.62,44598,06-02-22,0,48.92,44688,0,0.116,9.417905,0.957845513,0,18513673,"360,000",0,0.0194,0,42.46,705,1.81667E+11,11.26,9812.6,3.991783898,74,1.86923172,2,3,5,1,2,2,5,1,2,2,5,1
Kenya,Eastern Africa,Africa,AFRO,KEN,44265,10-03-21,3.81,44445,0,9.14,44535,0,16.65,44644,24-03-22,19,23.28,44717,2,0.37,4.846477,0.882904107,"200,000",50951450,"40,008,610",0.0039,0.7852,0.004999,72.493,501,1.00378E+11,11,1970.08,3.294483878,3989,3.600864036,2,3,5,0,2,3,5,0,2,2,5,0
Kyrgyzstan,Central Asia,Asia,EUR,KGZ,44292,06-04-21,12.64,44472,0,18.57,44562,0,22.51,44651,31-03-22,-1,23.7,44742,0,0.321,8.560762,0.943793995,"1,500,000",6456200,"3,541,900",0.2323,0.5486,0.423502,63.409,703,9371275264,9.97,1451.52,3.161821719,474,2.675778342,2,2,5,0,2,2,5,NA,2,2,5,NA
Lao PDR,South-eastern Asia,Asia,WPRO,LAO,44272,17-03-21,35.21,44450,-2,49.73,44523,-19,69.15,44631,11-03-22,-1,77.27,44721,-1,0.099,-5.58209,0.711944076,"7,702,000",7212053,"18,820,880",1.0679,2.6096,0.409226,64.355,812,18740559554,10.27,2598.51,3.414723644,529,2.723455672,2,3,5,1,2,3,5,0,1,1,5,NA
Latvia,Northern Europe,Europe,EUR,LVA,44193,28-12-20,32.96,44373,0,48.13,44463,0,70.72,44553,23-12-21,0,72.59,44643,0,0.748,11.56076,0.992974266,0,1913822,"201,240",0,0.1052,0,31.778,367,34225547537,10.53,17883.35,4.252448862,0,0,2,3,5,1,2,3,5,NA,2,3,5,NA
Lesotho,Southern Africa,Africa,AFRO,LSO,44303,17-04-21,15.09,44479,-4,33.92,44561,-12,33.92,44642,22-03-22,-21,39.75,44752,-1,0.491,2.417905,0.843091471,"203,340",2225702,"1,512,540",0.0914,0.6796,0.134436,71.415,570,2361966946,9.37,1061.22,3.0258068,171,2.23299611,2,3,5,0,2,3,5,NA,2,2,5,NA
Liberia,Western Africa,Africa,AFRO,LBR,44328,12-05-21,7.43,44502,-6,19.22,44568,-30,33.03,44677,26-04-22,-11,66.07,44808,30,0.444,-13.5821,0.580796436,0,4985289,"4,144,800",0,0.8314,0,48.385,450,3319596500,9.52,665.88,2.823394958,652,2.814247596,2,3,5,1,2,3,5,1,2,2,5,NA
Libya,Northern Africa,Africa,EMRO,LBY,44303,17-04-21,21.17,44483,0,28.57,44573,0,32.5,44665,14-04-22,2,33.57,44759,6,0.15,-13.5821,0.580796436,"5,000,000",6569088,"12,297,130",0.7611,1.872,0.406599,19.607,620,69254143967,10.84,10542.43,4.022940686,296,2.471291711,2,3,5,1,2,3,5,1,2,1,5,1
Madagascar,Eastern Africa,Africa,AFRO,MDG,44334,18-05-21,1.54,44518,4,3.4,44607,3,4.36,44696,15-05-22,2,4.87,44787,3,0.269,-16.4392,0.533958754,"300,000",27533134,"6,330,340",0.0109,0.2299,0.047391,62.139,580,14104664679,10.15,512.28,2.709507117,1299,3.113609151,2,2,5,0,2,1,5,0,2,2,5,0
Malawi,Eastern Africa,Africa,AFRO,MWI,44272,17-03-21,3.52,44452,0,6.22,44542,0,7.7,44633,13-03-22,1,10.03,44710,-12,0.413,6.275048,0.906323292,0,18867337,"8,551,290",0,0.4532,0,82.826,553,11025371147,10.04,584.36,2.766682611,1454,3.162564407,2,3,4,1,2,3,5,0,2,2,5,NA
Malaysia,South-eastern Asia,Asia,WPRO,MYS,44253,26-02-21,56.65,44433,0,76.16,44523,0,78.56,44613,21-02-22,0,82.31,44703,0,0.335,11.13219,0.985948532,"2,500,000",32804020,"10,815,990",0.0762,0.3297,0.231139,23.393,820,3.65178E+11,11.56,11132.1,4.046577206,0,0,2,3,5,1,2,3,5,1,2,2,5,0
Mali,Western Africa,Africa,AFRO,MLI,44298,12-04-21,1.41,44470,-8,4.17,44568,0,5.9,44645,25-03-22,-13,8.47,44745,-3,0.328,-9.43924,0.64871214,"300,000",20567424,"7,284,170",0.0146,0.3542,0.041185,56.864,432,17280250810,10.24,840.18,2.92437014,1566,3.194791758,2,3,5,0,2,2,5,NA,2,2,5,NA
Mauritania,Western Africa,Africa,AFRO,MRT,44287,01-04-21,6.58,44454,-13,23.64,44556,-1,32.9,44651,31-03-22,4,40.69,44738,1,0.174,-6.29638,0.70023441,"1,050,000",4383849,"4,682,540",0.2395,1.0681,0.224237,45.493,435,7894764886,9.9,1800.88,3.255483614,646,2.810232518,2,2,5,0,2,2,5,0,1,1,5,NA
Mauritius,Eastern Africa,Africa,AFRO,MUS,44228,01-02-21,52.61,44411,3,69.38,44497,-1,72.11,44553,23-12-21,-35,75.17,44710,32,0.615,10.41791,0.974239029,0,1265985,"972,270",0,0.768,0,59.234,590,14436346980,10.16,11403.25,4.057028752,335,2.525044807,2,2,5,1,2,2,5,1,2,2,5,NA
Mexico,Central America,Americas,AMR,MEX,44192,27-12-20,23.41,44372,0,49.34,44462,0,64.24,44554,24-12-21,2,67.08,44642,0,0.433,-10.2964,0.634660344,0,125085311,"36,820,420",0,0.2944,0,19.556,70,1.30521E+12,12.12,10434.58,4.018474905,794,2.899820502,2,3,5,0,2,2,5,NA,1,1,5,NA
Morocco,Northern Africa,Africa,AFRO,MAR,44246,19-02-21,45.28,44426,0,65.35,44517,1,66.21,44605,13-02-22,-1,66.51,44696,0,0.243,11.98933,1,0,36304408,"3,629,980",0,0.1,0,37.006,600,1.2892E+11,11.11,3498.58,3.543892152,966,2.984977126,2,3,5,0,2,3,5,NA,1,1,5,NA
Mozambique,Eastern Africa,Africa,AFRO,MOZ,44268,13-03-21,4.98,44447,-1,20.63,44539,1,40.19,44630,10-03-22,2,40.71,44787,69,0.259,1.560762,0.829039953,"1,260,000",30285595,"22,141,460",0.0416,0.7311,0.056907,63.472,541,15512759175,10.19,512.22,2.70945294,2556,3.407560849,2,3,5,0,2,1,5,NA,1,1,5,NA
Myanmar,South-eastern Asia,Asia,SEARO,MMR,44223,27-01-21,8.23,44429,26,22.86,44492,-1,40.14,44583,22-01-22,0,54.65,44674,1,0.267,2.70362,0.847775321,"29,500,000",53040212,"49,148,200",0.5562,0.9266,0.600225,69.148,775,75072038086,10.88,1415.38,3.150872955,2870,3.457881897,1,1,5,0,1,0,0,NA,1,0,1,0
Namibia,Southern Africa,Africa,AFRO,NAM,44280,25-03-21,9.67,44461,1,15.79,44563,13,17.49,44638,18-03-22,-2,19.34,44717,-13,0.522,-0.29638,0.798595017,"1,300,000",2446644,"2,388,900",0.5313,0.9764,0.544184,48.958,565,12541928103,10.1,5126.18,3.709793525,180,2.255272505,2,3,5,0,2,3,5,NA,2,2,5,NA
Nepal,Southern Asia,Asia,SEARO,NPL,44228,01-02-21,12.89,44408,0,28.38,44501,3,53.47,44585,24-01-22,-3,72.75,44678,0,0.463,4.846477,0.882904107,"12,400,000",28832496,"65,012,410",0.4301,2.2548,0.190733,79.847,790,34186180696,10.53,1185.68,3.073968343,1759,3.245265839,2,1,5,0,2,2,5,NA,1,1,5,NA
Nicaragua,Central America,Americas,AMR,NIC,44300,14-04-21,9.67,44477,-3,71.12,44568,-2,80.66,44652,01-04-22,-8,85.72,44750,0,0.049,11.56076,0.992974266,"2,700,000",6663924,"14,412,530",0.4052,2.1628,0.187337,41.24,93,12699028991,10.1,1905.64,3.280040479,461,2.663700925,2,3,5,0,2,3,5,NA,1,1,5,NA
Niger,Western Africa,Africa,AFRO,NER,44303,17-04-21,1.83,44484,1,5.44,44571,-2,8.35,44659,08-04-22,-4,13.92,44759,6,0.396,-6.29638,0.70023441,"400,000",23443393,"9,797,410",0.0171,0.4179,0.040827,83.483,436,12889555561,10.11,549.82,2.740217475,1930,3.285557309,2,2,5,0,2,2,5,NA,2,2,5,NA
Nigeria,Western Africa,Africa,AFRO,NGA,44279,24-03-21,2.02,44458,-1,4.03,44550,1,9.1,44638,18-03-22,-1,12.97,44731,2,0.365,-20.0107,0.475409602,0,203304492,"81,162,970",0,0.3992,0,48.843,475,4.74517E+11,11.68,2334.02,3.368105251,3376,3.528402438,2,2,5,1,2,2,5,1,1,2,5,0
Oman,Western Asia,Asia,EMRO,OMN,44193,28-12-20,14.55,44367,-6,63.29,44467,4,68.22,44556,26-12-21,3,70.85,44642,-1,0.14,11.98933,1,"100,000",4602768,"200,000",0.0217,0.0435,0.5,14.557,698,88060858257,10.94,19132.15,4.281763829,0,0,2,3,5,0,2,2,5,0,1,1,4,NA
Pakistan,Southern Asia,Asia,EMRO,PAK,44237,10-02-21,13.11,44417,0,31.64,44507,0,46.74,44598,06-02-22,1,56.96,44687,0,0.247,-1.29638,0.782201583,"13,420,000",223293280,"133,000,000",0.0601,0.5956,0.100526,63.093,770,3.20909E+11,11.51,1437.17,3.157506884,2592,3.413634997,2,3,4,1,2,2,4,1,2,2,5,NA
Panama,Central America,Americas,AMR,PAN,44216,20-01-21,24.87,44395,-1,68.4,44486,0,71.22,44577,16-01-22,1,78.39,44666,0,0.55,6.417905,0.908665209,0,4232532,"503,100",0,0.1189,0,31.941,95,69721787500,10.84,16472.83,4.216768263,145,2.161368002,2,3,5,0,2,3,5,NA,1,2,5,NA
Papua New Guinea,Melanesia,Oceania,WPRO,PNG,44306,20-04-21,1.81,44494,8,2.85,44579,3,3.18,44669,18-04-22,3,3.35,44753,-3,0.337,-49.0107,0,0,9542486,"1,391,750",0,0.1458,0,86.75,910,24751066911,10.39,2593.78,3.413932393,1056,3.023663918,2,2,5,0,2,2,5,0,2,2,5,NA
Paraguay,South America,Americas,AMR,PRY,44250,23-02-21,33.66,44430,0,48.36,44519,-1,55.47,44610,18-02-22,0,57.51,44694,-6,0.42,-0.15352,0.800936983,0,6530026,"6,126,670",0,0.9382,0,38.121,150,37925338329,10.58,5807.84,3.764014553,305,2.484299839,2,3,5,0,2,3,5,NA,1,1,5,NA
Peru,South America,Americas,AMR,PER,44236,09-02-21,26.75,44416,0,60.08,44506,0,77.83,44596,04-02-22,0,86.02,44686,0,0.693,3.846477,0.866510672,"1,000,000",32824861,"3,314,060",0.0305,0.101,0.301745,21.901,135,2.28326E+11,11.36,6955.88,3.842352133,489,2.689308859,2,3,5,0,2,2,5,NA,1,1,5,NA
Philippines,South-eastern Asia,Asia,WPRO,PHL,44259,04-03-21,21.8,44448,9,48.56,44532,3,59.42,44616,24-02-22,-3,64.59,44717,8,0.297,-15.2964,0.552693171,"7,025,000",110380804,"128,000,000",0.0636,1.1596,0.054932,52.851,840,3.76823E+11,11.58,3413.85,3.533244313,1456,3.163161375,2,3,5,1,2,3,5,1,2,1,5,NA
South Korea,Eastern Asia,Asia,WPRO,KOR,44253,26-02-21,52.11,44433,0,81.29,44523,0,85.89,44613,21-02-22,0,86.27,44703,0,0.791,10.98933,0.983606565,0,51764822,"1,862,800",0,0.036,0,18.57,732,1.65142E+12,12.22,31902.42,4.503823586,0,0,2,3,5,0,2,3,5,NA,2,2,5,0
Moldova,Eastern Europe,Europe,EUR,MDA,44260,05-03-21,17.14,44414,-26,30.24,44535,5,33.03,44626,06-03-22,6,33.1,44633,-77,0.463,6.560762,0.911007126,"150,000",2664224,"2,542,190",0.0563,0.9542,0.059004,57.274,359,11735774634,10.07,4404.95,3.643941025,524,2.719331287,2,3,5,0,2,3,5,0,1,1,5,NA
Rwanda,Eastern Africa,Africa,AFRO,RWA,44260,05-03-21,10.99,44437,-3,34.66,44511,-19,64.57,44616,24-02-22,-4,65.77,44710,0,0.127,10.84648,0.981264763,"500,000",12835028,"23,737,950",0.039,1.8495,0.021063,82.687,517,10346326599,10.01,806.1,2.906389363,1625,3.210853365,2,3,5,0,2,2,5,NA,2,2,5,NA
Senegal,Western Africa,Africa,AFRO,SEN,44251,24-02-21,6.63,44433,2,7.6,44522,1,8.31,44610,18-02-22,-1,8.41,44635,-66,0.575,6.989334,0.918032893,"300,000",16000781,"5,769,940",0.0187,0.3606,0.051994,52.347,433,23403995992,10.37,1462.68,3.165148834,1612,3.207365037,2,2,5,0,2,2,5,0,2,2,5,0
Serbia,Southern Europe,Europe,EUR,SRB,44204,08-01-21,39.72,44382,-2,44.44,44474,0,48.26,44562,01-01-22,-2,48.71,44642,-12,0.288,8.846477,0.948477845,"25,850,000",6945235,"26,812,400",3.722,3.8605,0.964106,43.74,345,51514242939,10.71,7417.21,3.870240377,488,2.688419822,2,3,4,0,2,3,4,0,2,2,5,NA
Seychelles,Eastern Africa,Africa,AFRO,SYC,44209,13-01-21,66.73,44382,-7,75.23,44484,5,77.86,44579,18-01-22,10,78.71,44638,-21,0.537,11.84648,0.997658198,"25,000",97625,"329,820",0.2561,3.3784,0.075799,42.881,591,1645090567,9.22,16851.12,4.226628765,0,0,2,3,5,0,2,2,5,NA,2,1,5,NA
Sierra Leone,Western Africa,Africa,AFRO,SLE,44280,25-03-21,2.2,44466,6,8.68,44572,22,20.07,44635,15-03-22,-5,27.7,44731,1,0.386,5.132191,0.887587941,"200,000",8046828,"9,736,580",0.0249,1.21,0.020541,57.516,451,4076578699,9.61,506.61,2.704671112,841,2.924795996,2,3,5,1,2,2,5,1,2,2,5,NA
Slovakia,Eastern Europe,Europe,EUR,SVK,44199,03-01-21,37.83,44381,2,43.87,44472,3,45.04,44563,02-01-22,4,45.95,44647,-2,0.748,10.66063,0.978218044,0,5454147,"15,000",0,0.0028,0,46.271,317,1.05712E+11,11.02,19381.89,4.287396137,0,0,2,3,5,0,2,3,5,NA,2,3,5,NA
Solomon Islands,Melanesia,Oceania,WPRO,SLB,44299,13-04-21,15.66,44481,2,25.61,44565,-4,33.96,44662,11-04-22,3,39.31,44753,4,0.478,2.989334,0.852459155,"50,000",674993,"1,835,590",0.0741,2.7194,0.027239,75.79,940,1619155017,9.21,2398.77,3.379989161,214,2.330413773,2,3,5,1,2,3,5,1,2,2,5,NA
Somalia,Eastern Africa,Africa,AFRO,SOM,44303,17-04-21,1.94,44483,0,7.42,44577,4,11.56,44662,11-04-22,-1,15.12,44749,-4,0.099,-43.725,0.086650777,"700,000",15981300,"15,130,620",0.0438,0.9468,0.046264,54.446,520,9420431258,9.97,589.47,2.770458681,3045,3.483587297,2,1,5,0,2,2,5,0,1,1,5,NA
South Africa,Southern Africa,Africa,AFRO,ZAF,44246,19-02-21,12.86,44426,0,27.39,44516,0,33.36,44606,14-02-22,0,35.9,44696,0,0.601,-1.86781,0.772833882,0,58087055,"7,954,410",0,0.1369,0,33.144,560,3.8933E+11,11.59,6702.53,3.826238547,1203,3.080265627,2,3,5,0,2,3,5,0,1,1,5,NA
Sri Lanka,Southern Asia,Asia,SEARO,LKA,44225,29-01-21,37.71,44405,0,68.99,44495,0,75.22,44585,24-01-22,0,78.02,44676,1,0.427,11.98933,1,"5,000,000",21803000,"10,741,010",0.2293,0.4926,0.465506,81.415,780,89014978344,10.95,4082.69,3.610946836,218,2.338456494,2,3,5,0,2,2,5,NA,1,1,5,NA
Sudan,Northern Africa,Africa,EMRO,SDN,44291,05-04-21,1.38,44458,-13,6.66,44579,18,12.18,44651,31-03-22,0,14.19,44711,-30,0.103,5.70362,0.896955624,"250,000",43232093,"36,349,520",0.0058,0.8408,0.006878,65.064,625,32338079165,10.51,748.01,2.873907941,2349,3.370883017,2,2,5,0,2,2,5,0,1,1,5,NA
Syria,Western Asia,Asia,EMRO,SYR,44294,08-04-21,2.77,44468,-6,5.4,44551,-13,10.92,44660,09-04-22,6,12.42,44740,-4,0.027,-22.1535,0.440281751,"1,800,000",20098251,"8,920,540",0.0896,0.4438,0.201782,45.179,652,22600896343,10.35,1124.52,3.050967398,10035,4.001517377,2,2,5,0,2,2,5,NA,1,2,5,0
Tajikistan,Central Asia,Asia,EUR,TJK,44323,07-05-21,27.28,44507,4,45.44,44591,-2,52.07,44682,01-05-22,-1,53.08,44794,21,0.045,10.27505,0.971897063,"2,400,000",9337003,"10,383,600",0.257,1.1121,0.231134,72.691,702,8300813890,9.92,889.02,2.948913178,714,2.853698212,2,3,5,1,2,3,5,1,2,1,5,1
Thailand,South-eastern Asia,Asia,SEARO,THA,44257,02-03-21,32.11,44437,0,66.46,44527,0,74.66,44617,25-02-22,0,78.76,44707,0,0.178,10.28399,0.97204362,"3,400,000",71307763,"13,625,130",0.0477,0.1911,0.249539,49.308,800,5.43977E+11,11.74,7628.58,3.882443479,198,2.29666519,2,3,5,0,2,3,5,0,2,2,5,0
Timor-Leste,South-eastern Asia,Asia,SEARO,TLS,44300,14-04-21,36.97,44481,1,49.75,44572,2,57.75,44663,12-04-22,3,62.58,44754,4,0.51,2.275048,0.840749554,"100,000",1280438,"3,976,840",0.0781,3.1058,0.025146,69.053,860,2027034000,9.31,1583.08,3.199502479,250,2.397940009,2,3,5,0,2,3,5,NA,1,1,5,NA
Togo,Western Africa,Africa,AFRO,TGO,44279,24-03-21,5.03,44456,-3,15.44,44547,-2,17.61,44631,11-03-22,-8,23.65,44717,-12,0.209,-1.43924,0.779859617,"200,000",8243094,"3,659,300",0.0243,0.4439,0.054655,57.752,461,6992654019,9.84,848.3,2.928551789,561,2.748962861,2,2,5,0,2,2,5,NA,1,1,5,NA
Tunisia,Northern Africa,Africa,AFRO,TUN,44268,13-03-21,36.1,44449,1,50.41,44538,0,57.99,44628,08-03-22,0,58.1,44676,-42,0.633,9.989334,0.967213197,"2,100,000",12049314,"12,145,960",0.1743,1.008,0.172897,30.746,616,41905540184,10.62,3477.84,3.541309121,975,2.989004616,2,3,5,1,2,2,5,0,1,2,5,NA
Uganda,Eastern Africa,Africa,AFRO,UGA,44270,15-03-21,2.18,44440,-10,13.81,44539,-1,29.74,44629,09-03-22,-1,33.64,44717,-3,0.218,4.132191,0.871194506,"6,000,000",42949080,"63,762,580",0.1397,1.4846,0.094099,75.639,500,35348155095,10.55,823.02,2.915412886,3086,3.489395922,2,3,5,0,2,3,5,0,2,3,5,0
Tanzania,Eastern Africa,Africa,AFRO,TZA,44416,08-08-21,3.89,44582,-14,9.9,44682,-4,24.91,44780,07-08-22,4,40.29,44864,-2,0.34,2.417905,0.843091471,"7,600,000",59872579,"35,704,420",0.1269,0.5963,0.212859,65.5,510,61026731926,10.79,1050.93,3.021574518,2277,3.357363031,2,1,5,0,2,1,5,0,2,1,5,NA
Uruguay,South America,Americas,AMR,URY,44254,27-02-21,77.25,44434,0,80.3,44524,0,86.44,44614,22-02-22,0,87.54,44704,0,0.816,9.417905,0.957845513,0,3428409,"500,760",0,0.1461,0,4.574,165,62048585619,10.79,18098.36,4.25763926,0,0,2,3,5,0,2,1,5,NA,2,1,5,NA
Uzbekistan,Central Asia,Asia,EUR,UZB,44292,06-04-21,33.87,44473,1,52.15,44538,-24,54.04,44654,03-04-22,2,56.89,44738,-4,0.078,9.417905,0.957845513,"12,700,000",33580350,"33,617,399",0.3782,1.0011,0.377781,49.567,704,60283503705,10.78,1795.2,3.254113267,1462,3.164947373,2,3,5,1,2,3,4,1,2,3,4,1
Vanuatu,Melanesia,Oceania,WPRO,VUT,44350,03-06-21,29.42,44536,6,34.98,44620,0,43.22,44704,23-05-22,-6,43.87,44788,-12,0.649,3.417905,0.859484905,"100,000",304404,"384,510",0.3285,1.2632,0.260071,74.606,935,936526267.6,8.97,3076.59,3.488069608,154,2.187520721,2,2,5,0,2,2,5,0,2,2,5,0
Vietnam,South-eastern Asia,Asia,WPRO,VNM,44267,12-03-21,20.97,44447,0,75.26,44537,0,81.08,44627,07-03-22,0,86.23,44717,0,0.108,2.560762,0.845433388,"12,800,000",95776716,"156,000,000",0.1336,1.6288,0.0823,63.372,816,3.34365E+11,11.52,3491.09,3.54296122,1171,3.068556895,2,3,5,0,2,1,5,0,1,1,5,NA
Zambia,Eastern Africa,Africa,AFRO,ZMB,44304,18-04-21,4.03,44511,27,12.42,44619,45,14.14,44640,20-03-22,-24,37.67,44780,26,0.278,1.417905,0.826698036,"1,300,000",18380477,"20,384,760",0.0707,1.109,0.063773,55.928,551,23308667781,10.37,1268.12,3.103160674,1016,3.006893708,2,2,5,0,2,2,5,0,1,1,5,0
Zimbabwe,Eastern Africa,Africa,AFRO,ZWE,44248,21-02-21,13.92,44428,0,21.96,44518,0,26.51,44608,16-02-22,0,37.78,44698,0,0.201,-0.01067,0.803278785,"14,000,000",15354608,"14,265,000",0.9118,0.929,0.981423,67.79,552,21832234921,10.34,1421.87,3.152859462,985,2.99343623,2,3,5,1,2,3,5,1,2,2,5,1
